graph,seed,fr_iterations,sa_iterations,original_k,original_crossings,original_valid,random_k,random_crossings,random_valid,circular_k,circular_crossings,circular_valid,grid_k,grid_crossings,grid_valid,fr_k,fr_crossings,fr_valid,sa_k,sa_crossings,sa_valid,sa_uniform_k,sa_uniform_crossings,sa_uniform_valid,duration_ms
instances_converted/rome_real/00000_GDT-testsuite-CD.tgz_ALF_CD_graphswith10nodes_ug13.10_n10_m9.json,1,500,1000,3,3,1,2,3,1,3,3,1,2,3,1,0,0,1,0,0,1,0,0,1,223
instances_converted/rome_real/00000_GDT-testsuite-CD.tgz_ALF_CD_graphswith10nodes_ug13.10_n10_m9.json,1,500,5000,3,3,1,2,3,1,3,3,1,2,3,1,0,0,1,0,0,1,0,0,1,304
instances_converted/rome_real/00000_GDT-testsuite-CD.tgz_ALF_CD_graphswith10nodes_ug13.10_n10_m9.json,1,500,10000,3,3,1,2,3,1,3,3,1,2,3,1,0,0,1,0,0,1,0,0,1,433
instances_converted/rome_real/00000_GDT-testsuite-CD.tgz_ALF_CD_graphswith10nodes_ug13.10_n10_m9.json,2,500,1000,3,3,1,2,4,1,3,3,1,2,3,1,0,0,1,0,0,1,0,0,1,199
instances_converted/rome_real/00000_GDT-testsuite-CD.tgz_ALF_CD_graphswith10nodes_ug13.10_n10_m9.json,2,500,5000,3,3,1,2,4,1,3,3,1,2,3,1,0,0,1,0,0,1,0,0,1,298
instances_converted/rome_real/00000_GDT-testsuite-CD.tgz_ALF_CD_graphswith10nodes_ug13.10_n10_m9.json,2,500,10000,3,3,1,2,4,1,3,3,1,2,3,1,0,0,1,0,0,1,0,0,1,425
instances_converted/rome_real/00000_GDT-testsuite-CD.tgz_ALF_CD_graphswith10nodes_ug13.10_n10_m9.json,3,500,1000,3,3,1,2,3,1,3,3,1,2,3,1,0,0,1,0,0,1,0,0,1,191
instances_converted/rome_real/00000_GDT-testsuite-CD.tgz_ALF_CD_graphswith10nodes_ug13.10_n10_m9.json,3,500,5000,3,3,1,2,3,1,3,3,1,2,3,1,0,0,1,0,0,1,0,0,1,290
instances_converted/rome_real/00000_GDT-testsuite-CD.tgz_ALF_CD_graphswith10nodes_ug13.10_n10_m9.json,3,500,10000,3,3,1,2,3,1,3,3,1,2,3,1,0,0,1,0,0,1,0,0,1,431
instances_converted/rome_real/00000_GDT-testsuite-CD.tgz_ALF_CD_graphswith10nodes_ug13.10_n10_m9.json,4,500,1000,3,3,1,4,7,1,3,3,1,2,3,1,0,0,1,0,0,1,0,0,1,188
instances_converted/rome_real/00000_GDT-testsuite-CD.tgz_ALF_CD_graphswith10nodes_ug13.10_n10_m9.json,4,500,5000,3,3,1,4,7,1,3,3,1,2,3,1,0,0,1,0,0,1,0,0,1,292
instances_converted/rome_real/00000_GDT-testsuite-CD.tgz_ALF_CD_graphswith10nodes_ug13.10_n10_m9.json,4,500,10000,3,3,1,4,7,1,3,3,1,2,3,1,0,0,1,0,0,1,0,0,1,418
instances_converted/rome_real/00000_GDT-testsuite-CD.tgz_ALF_CD_graphswith10nodes_ug13.10_n10_m9.json,5,500,1000,3,3,1,3,5,1,3,3,1,2,3,1,0,0,1,0,0,1,0,0,1,191
instances_converted/rome_real/00000_GDT-testsuite-CD.tgz_ALF_CD_graphswith10nodes_ug13.10_n10_m9.json,5,500,5000,3,3,1,3,5,1,3,3,1,2,3,1,0,0,1,0,0,1,0,0,1,294
instances_converted/rome_real/00000_GDT-testsuite-CD.tgz_ALF_CD_graphswith10nodes_ug13.10_n10_m9.json,5,500,10000,3,3,1,3,5,1,3,3,1,2,3,1,0,0,1,0,0,1,0,0,1,431
instances_converted/rome_real/00001_GDT-testsuite-CD.tgz_ALF_CD_graphswith20nodes_ug53.20_n20_m19.json,1,500,1000,11,58,1,9,40,1,11,58,1,9,44,0,2,3,0,0,0,1,0,0,1,280
instances_converted/rome_real/00001_GDT-testsuite-CD.tgz_ALF_CD_graphswith20nodes_ug53.20_n20_m19.json,1,500,5000,11,58,1,9,40,1,11,58,1,9,44,0,2,3,0,0,0,1,0,0,1,643
instances_converted/rome_real/00001_GDT-testsuite-CD.tgz_ALF_CD_graphswith20nodes_ug53.20_n20_m19.json,1,500,10000,11,58,1,9,40,1,11,58,1,9,44,0,2,3,0,0,0,1,0,0,1,1090
instances_converted/rome_real/00001_GDT-testsuite-CD.tgz_ALF_CD_graphswith20nodes_ug53.20_n20_m19.json,2,500,1000,11,58,1,11,33,1,11,58,1,9,44,0,2,3,0,0,0,1,1,1,1,274
instances_converted/rome_real/00001_GDT-testsuite-CD.tgz_ALF_CD_graphswith20nodes_ug53.20_n20_m19.json,2,500,5000,11,58,1,11,33,1,11,58,1,9,44,0,2,3,0,0,0,1,0,0,1,631
instances_converted/rome_real/00001_GDT-testsuite-CD.tgz_ALF_CD_graphswith20nodes_ug53.20_n20_m19.json,2,500,10000,11,58,1,11,33,1,11,58,1,9,44,0,2,3,0,0,0,1,0,0,1,1114
instances_converted/rome_real/00001_GDT-testsuite-CD.tgz_ALF_CD_graphswith20nodes_ug53.20_n20_m19.json,3,500,1000,11,58,1,10,45,1,11,58,1,9,44,0,2,3,0,0,0,1,10,45,1,268
instances_converted/rome_real/00001_GDT-testsuite-CD.tgz_ALF_CD_graphswith20nodes_ug53.20_n20_m19.json,3,500,5000,11,58,1,10,45,1,11,58,1,9,44,0,2,3,0,0,0,1,10,45,1,718
instances_converted/rome_real/00001_GDT-testsuite-CD.tgz_ALF_CD_graphswith20nodes_ug53.20_n20_m19.json,3,500,10000,11,58,1,10,45,1,11,58,1,9,44,0,2,3,0,0,0,1,0,0,1,1133
instances_converted/rome_real/00001_GDT-testsuite-CD.tgz_ALF_CD_graphswith20nodes_ug53.20_n20_m19.json,4,500,1000,11,58,1,8,38,1,11,58,1,9,44,0,2,3,0,0,0,1,0,0,1,280
instances_converted/rome_real/00001_GDT-testsuite-CD.tgz_ALF_CD_graphswith20nodes_ug53.20_n20_m19.json,4,500,5000,11,58,1,8,38,1,11,58,1,9,44,0,2,3,0,0,0,1,0,0,1,667
instances_converted/rome_real/00001_GDT-testsuite-CD.tgz_ALF_CD_graphswith20nodes_ug53.20_n20_m19.json,4,500,10000,11,58,1,8,38,1,11,58,1,9,44,0,2,3,0,0,0,1,0,0,1,1135
instances_converted/rome_real/00001_GDT-testsuite-CD.tgz_ALF_CD_graphswith20nodes_ug53.20_n20_m19.json,5,500,1000,11,58,1,7,31,1,11,58,1,9,44,0,2,3,0,0,0,1,0,0,1,277
instances_converted/rome_real/00001_GDT-testsuite-CD.tgz_ALF_CD_graphswith20nodes_ug53.20_n20_m19.json,5,500,5000,11,58,1,7,31,1,11,58,1,9,44,0,2,3,0,0,0,1,0,0,1,639
instances_converted/rome_real/00001_GDT-testsuite-CD.tgz_ALF_CD_graphswith20nodes_ug53.20_n20_m19.json,5,500,10000,11,58,1,7,31,1,11,58,1,9,44,0,2,3,0,0,0,1,0,0,1,1112
instances_converted/rome_real/00002_GDT-testsuite-CD.tgz_ALF_CD_graphswith30nodes_ug28.30_n30_m31.json,1,500,1000,18,178,1,15,105,1,18,178,1,17,125,0,4,14,0,15,105,1,2,5,1,434
instances_converted/rome_real/00002_GDT-testsuite-CD.tgz_ALF_CD_graphswith30nodes_ug28.30_n30_m31.json,1,500,5000,18,178,1,15,105,1,18,178,1,17,125,0,4,14,0,15,105,1,1,3,1,1321
instances_converted/rome_real/00002_GDT-testsuite-CD.tgz_ALF_CD_graphswith30nodes_ug28.30_n30_m31.json,1,500,10000,18,178,1,15,105,1,18,178,1,17,125,0,4,14,0,1,3,1,1,3,1,2552
instances_converted/rome_real/00002_GDT-testsuite-CD.tgz_ALF_CD_graphswith30nodes_ug28.30_n30_m31.json,2,500,1000,18,178,1,11,58,1,18,178,1,17,125,0,4,14,0,2,4,1,3,6,1,451
instances_converted/rome_real/00002_GDT-testsuite-CD.tgz_ALF_CD_graphswith30nodes_ug28.30_n30_m31.json,2,500,5000,18,178,1,11,58,1,18,178,1,17,125,0,4,14,0,1,3,1,2,4,1,1340
instances_converted/rome_real/00002_GDT-testsuite-CD.tgz_ALF_CD_graphswith30nodes_ug28.30_n30_m31.json,2,500,10000,18,178,1,11,58,1,18,178,1,17,125,0,4,14,0,1,3,1,1,3,1,2437
instances_converted/rome_real/00002_GDT-testsuite-CD.tgz_ALF_CD_graphswith30nodes_ug28.30_n30_m31.json,3,500,1000,18,178,1,16,101,1,18,178,1,17,125,0,4,14,0,2,5,1,1,4,1,426
instances_converted/rome_real/00002_GDT-testsuite-CD.tgz_ALF_CD_graphswith30nodes_ug28.30_n30_m31.json,3,500,5000,18,178,1,16,101,1,18,178,1,17,125,0,4,14,0,1,3,1,1,3,1,1319
instances_converted/rome_real/00002_GDT-testsuite-CD.tgz_ALF_CD_graphswith30nodes_ug28.30_n30_m31.json,3,500,10000,18,178,1,16,101,1,18,178,1,17,125,0,4,14,0,1,3,1,1,3,1,2465
instances_converted/rome_real/00002_GDT-testsuite-CD.tgz_ALF_CD_graphswith30nodes_ug28.30_n30_m31.json,4,500,1000,18,178,1,15,104,1,18,178,1,17,125,0,4,14,0,2,5,1,15,104,1,438
instances_converted/rome_real/00002_GDT-testsuite-CD.tgz_ALF_CD_graphswith30nodes_ug28.30_n30_m31.json,4,500,5000,18,178,1,15,104,1,18,178,1,17,125,0,4,14,0,1,3,1,2,3,1,1500
instances_converted/rome_real/00002_GDT-testsuite-CD.tgz_ALF_CD_graphswith30nodes_ug28.30_n30_m31.json,4,500,10000,18,178,1,15,104,1,18,178,1,17,125,0,4,14,0,1,3,1,2,3,1,2466
instances_converted/rome_real/00002_GDT-testsuite-CD.tgz_ALF_CD_graphswith30nodes_ug28.30_n30_m31.json,5,500,1000,18,178,1,18,151,1,18,178,1,17,125,0,4,14,0,1,3,1,18,151,1,427
instances_converted/rome_real/00002_GDT-testsuite-CD.tgz_ALF_CD_graphswith30nodes_ug28.30_n30_m31.json,5,500,5000,18,178,1,18,151,1,18,178,1,17,125,0,4,14,0,1,3,1,2,4,1,1328
instances_converted/rome_real/00002_GDT-testsuite-CD.tgz_ALF_CD_graphswith30nodes_ug28.30_n30_m31.json,5,500,10000,18,178,1,18,151,1,18,178,1,17,125,0,4,14,0,1,3,1,2,6,1,2466
instances_converted/rome_real/00003_GDT-testsuite-CD.tgz_ALF_CD_graphswith40nodes_ug34.40_n40_m42.json,1,500,1000,27,358,1,18,163,1,27,358,1,19,183,0,4,27,0,2,9,1,2,7,1,662
instances_converted/rome_real/00003_GDT-testsuite-CD.tgz_ALF_CD_graphswith40nodes_ug34.40_n40_m42.json,1,500,5000,27,358,1,18,163,1,27,358,1,19,183,0,4,27,0,2,8,1,2,9,1,2403
instances_converted/rome_real/00003_GDT-testsuite-CD.tgz_ALF_CD_graphswith40nodes_ug34.40_n40_m42.json,1,500,10000,27,358,1,18,163,1,27,358,1,19,183,0,4,27,0,2,9,1,2,8,1,4423
instances_converted/rome_real/00003_GDT-testsuite-CD.tgz_ALF_CD_graphswith40nodes_ug34.40_n40_m42.json,2,500,1000,27,358,1,19,148,1,27,358,1,19,183,0,4,27,0,2,8,1,2,9,1,651
instances_converted/rome_real/00003_GDT-testsuite-CD.tgz_ALF_CD_graphswith40nodes_ug34.40_n40_m42.json,2,500,5000,27,358,1,19,148,1,27,358,1,19,183,0,4,27,0,2,8,1,2,11,1,2292
instances_converted/rome_real/00003_GDT-testsuite-CD.tgz_ALF_CD_graphswith40nodes_ug34.40_n40_m42.json,2,500,10000,27,358,1,19,148,1,27,358,1,19,183,0,4,27,0,2,7,1,2,7,1,4799
instances_converted/rome_real/00003_GDT-testsuite-CD.tgz_ALF_CD_graphswith40nodes_ug34.40_n40_m42.json,3,500,1000,27,358,1,26,281,1,27,358,1,19,183,0,4,27,0,2,9,1,2,8,1,679
instances_converted/rome_real/00003_GDT-testsuite-CD.tgz_ALF_CD_graphswith40nodes_ug34.40_n40_m42.json,3,500,5000,27,358,1,26,281,1,27,358,1,19,183,0,4,27,0,2,10,1,2,7,1,2378
instances_converted/rome_real/00003_GDT-testsuite-CD.tgz_ALF_CD_graphswith40nodes_ug34.40_n40_m42.json,3,500,10000,27,358,1,26,281,1,27,358,1,19,183,0,4,27,0,2,8,1,2,8,1,4478
instances_converted/rome_real/00003_GDT-testsuite-CD.tgz_ALF_CD_graphswith40nodes_ug34.40_n40_m42.json,4,500,1000,27,358,1,21,191,1,27,358,1,19,183,0,4,27,0,2,10,1,3,11,1,657
instances_converted/rome_real/00003_GDT-testsuite-CD.tgz_ALF_CD_graphswith40nodes_ug34.40_n40_m42.json,4,500,5000,27,358,1,21,191,1,27,358,1,19,183,0,4,27,0,2,9,1,3,11,1,2316
instances_converted/rome_real/00003_GDT-testsuite-CD.tgz_ALF_CD_graphswith40nodes_ug34.40_n40_m42.json,4,500,10000,27,358,1,21,191,1,27,358,1,19,183,0,4,27,0,2,9,1,2,10,1,4390
instances_converted/rome_real/00003_GDT-testsuite-CD.tgz_ALF_CD_graphswith40nodes_ug34.40_n40_m42.json,5,500,1000,27,358,1,24,237,1,27,358,1,19,183,0,4,27,0,2,9,1,2,10,1,855
instances_converted/rome_real/00003_GDT-testsuite-CD.tgz_ALF_CD_graphswith40nodes_ug34.40_n40_m42.json,5,500,5000,27,358,1,24,237,1,27,358,1,19,183,0,4,27,0,2,7,1,2,9,1,2660
instances_converted/rome_real/00003_GDT-testsuite-CD.tgz_ALF_CD_graphswith40nodes_ug34.40_n40_m42.json,5,500,10000,27,358,1,24,237,1,27,358,1,19,183,0,4,27,0,2,7,1,2,10,1,4669
instances_converted/rome_real/00004_GDT-testsuite-CD.tgz_ALF_CD_graphswith50nodes_ug12.50_n50_m54.json,1,500,1000,24,227,1,29,334,1,24,227,1,24,276,0,7,52,0,3,11,1,2,14,1,986
instances_converted/rome_real/00004_GDT-testsuite-CD.tgz_ALF_CD_graphswith50nodes_ug12.50_n50_m54.json,1,500,5000,24,227,1,29,334,1,24,227,1,24,276,0,7,52,0,2,9,1,2,15,1,3785
instances_converted/rome_real/00004_GDT-testsuite-CD.tgz_ALF_CD_graphswith50nodes_ug12.50_n50_m54.json,1,500,10000,24,227,1,29,334,1,24,227,1,24,276,0,7,52,0,2,9,1,3,14,1,7087
instances_converted/rome_real/00004_GDT-testsuite-CD.tgz_ALF_CD_graphswith50nodes_ug12.50_n50_m54.json,2,500,1000,24,227,1,27,377,1,24,227,1,24,276,0,7,52,0,24,227,1,2,15,1,950
instances_converted/rome_real/00004_GDT-testsuite-CD.tgz_ALF_CD_graphswith50nodes_ug12.50_n50_m54.json,2,500,5000,24,227,1,27,377,1,24,227,1,24,276,0,7,52,0,2,10,1,2,12,1,4180
instances_converted/rome_real/00004_GDT-testsuite-CD.tgz_ALF_CD_graphswith50nodes_ug12.50_n50_m54.json,2,500,10000,24,227,1,27,377,1,24,227,1,24,276,0,7,52,0,2,9,1,2,11,1,7261
instances_converted/rome_real/00004_GDT-testsuite-CD.tgz_ALF_CD_graphswith50nodes_ug12.50_n50_m54.json,3,500,1000,24,227,1,30,348,1,24,227,1,24,276,0,7,52,0,3,14,1,2,10,1,972
instances_converted/rome_real/00004_GDT-testsuite-CD.tgz_ALF_CD_graphswith50nodes_ug12.50_n50_m54.json,3,500,5000,24,227,1,30,348,1,24,227,1,24,276,0,7,52,0,2,13,1,2,12,1,3688
instances_converted/rome_real/00004_GDT-testsuite-CD.tgz_ALF_CD_graphswith50nodes_ug12.50_n50_m54.json,3,500,10000,24,227,1,30,348,1,24,227,1,24,276,0,7,52,0,2,12,1,2,12,1,7342
instances_converted/rome_real/00004_GDT-testsuite-CD.tgz_ALF_CD_graphswith50nodes_ug12.50_n50_m54.json,4,500,1000,24,227,1,26,348,1,24,227,1,24,276,0,7,52,0,2,13,1,2,11,1,952
instances_converted/rome_real/00004_GDT-testsuite-CD.tgz_ALF_CD_graphswith50nodes_ug12.50_n50_m54.json,4,500,5000,24,227,1,26,348,1,24,227,1,24,276,0,7,52,0,24,227,1,2,14,1,3881
instances_converted/rome_real/00004_GDT-testsuite-CD.tgz_ALF_CD_graphswith50nodes_ug12.50_n50_m54.json,4,500,10000,24,227,1,26,348,1,24,227,1,24,276,0,7,52,0,2,10,1,3,12,1,7166
instances_converted/rome_real/00004_GDT-testsuite-CD.tgz_ALF_CD_graphswith50nodes_ug12.50_n50_m54.json,5,500,1000,24,227,1,24,308,1,24,227,1,24,276,0,7,52,0,3,12,1,24,227,1,972
instances_converted/rome_real/00004_GDT-testsuite-CD.tgz_ALF_CD_graphswith50nodes_ug12.50_n50_m54.json,5,500,5000,24,227,1,24,308,1,24,227,1,24,276,0,7,52,0,2,11,1,2,11,1,3665
instances_converted/rome_real/00004_GDT-testsuite-CD.tgz_ALF_CD_graphswith50nodes_ug12.50_n50_m54.json,5,500,10000,24,227,1,24,308,1,24,227,1,24,276,0,7,52,0,2,11,1,2,10,1,7173
instances_converted/rome_real/00005_GDT-testsuite-CD.tgz_ALF_CD_graphswith60nodes_ug10.60_n60_m69.json,1,500,1000,47,1047,1,30,403,1,47,1047,1,39,665,0,9,61,0,3,21,1,3,19,1,1514
instances_converted/rome_real/00005_GDT-testsuite-CD.tgz_ALF_CD_graphswith60nodes_ug10.60_n60_m69.json,1,500,5000,47,1047,1,30,403,1,47,1047,1,39,665,0,9,61,0,30,403,1,3,20,1,5946
instances_converted/rome_real/00005_GDT-testsuite-CD.tgz_ALF_CD_graphswith60nodes_ug10.60_n60_m69.json,1,500,10000,47,1047,1,30,403,1,47,1047,1,39,665,0,9,61,0,3,16,1,3,21,1,11364
instances_converted/rome_real/00005_GDT-testsuite-CD.tgz_ALF_CD_graphswith60nodes_ug10.60_n60_m69.json,2,500,1000,47,1047,1,32,523,1,47,1047,1,39,665,0,9,61,0,32,523,1,3,21,1,1416
instances_converted/rome_real/00005_GDT-testsuite-CD.tgz_ALF_CD_graphswith60nodes_ug10.60_n60_m69.json,2,500,5000,47,1047,1,32,523,1,47,1047,1,39,665,0,9,61,0,32,523,1,3,18,1,5912
instances_converted/rome_real/00005_GDT-testsuite-CD.tgz_ALF_CD_graphswith60nodes_ug10.60_n60_m69.json,2,500,10000,47,1047,1,32,523,1,47,1047,1,39,665,0,9,61,0,3,15,1,3,21,1,11091
instances_converted/rome_real/00005_GDT-testsuite-CD.tgz_ALF_CD_graphswith60nodes_ug10.60_n60_m69.json,3,500,1000,47,1047,1,40,675,1,47,1047,1,39,665,0,9,61,0,3,21,1,3,18,1,1365
instances_converted/rome_real/00005_GDT-testsuite-CD.tgz_ALF_CD_graphswith60nodes_ug10.60_n60_m69.json,3,500,5000,47,1047,1,40,675,1,47,1047,1,39,665,0,9,61,0,3,16,1,3,16,1,5776
instances_converted/rome_real/00005_GDT-testsuite-CD.tgz_ALF_CD_graphswith60nodes_ug10.60_n60_m69.json,3,500,10000,47,1047,1,40,675,1,47,1047,1,39,665,0,9,61,0,3,16,1,3,18,1,11076
instances_converted/rome_real/00005_GDT-testsuite-CD.tgz_ALF_CD_graphswith60nodes_ug10.60_n60_m69.json,4,500,1000,47,1047,1,30,514,1,47,1047,1,39,665,0,9,61,0,3,17,1,3,16,1,1371
instances_converted/rome_real/00005_GDT-testsuite-CD.tgz_ALF_CD_graphswith60nodes_ug10.60_n60_m69.json,4,500,5000,47,1047,1,30,514,1,47,1047,1,39,665,0,9,61,0,3,16,1,3,21,1,5716
instances_converted/rome_real/00005_GDT-testsuite-CD.tgz_ALF_CD_graphswith60nodes_ug10.60_n60_m69.json,4,500,10000,47,1047,1,30,514,1,47,1047,1,39,665,0,9,61,0,3,16,1,3,18,1,11277
instances_converted/rome_real/00005_GDT-testsuite-CD.tgz_ALF_CD_graphswith60nodes_ug10.60_n60_m69.json,5,500,1000,47,1047,1,36,495,1,47,1047,1,39,665,0,9,61,0,36,495,1,3,15,1,1379
instances_converted/rome_real/00005_GDT-testsuite-CD.tgz_ALF_CD_graphswith60nodes_ug10.60_n60_m69.json,5,500,5000,47,1047,1,36,495,1,47,1047,1,39,665,0,9,61,0,3,16,1,3,20,1,5746
instances_converted/rome_real/00005_GDT-testsuite-CD.tgz_ALF_CD_graphswith60nodes_ug10.60_n60_m69.json,5,500,10000,47,1047,1,36,495,1,47,1047,1,39,665,0,9,61,0,3,17,1,3,16,1,11269
instances_converted/rome_real/00006_GDT-testsuite-CD.tgz_ALF_CD_graphswith70nodes_ug59.70_n70_m78.json,1,500,1000,26,351,1,41,817,1,26,351,1,35,426,0,9,90,0,2,10,1,3,22,1,1829
instances_converted/rome_real/00006_GDT-testsuite-CD.tgz_ALF_CD_graphswith70nodes_ug59.70_n70_m78.json,1,500,5000,26,351,1,41,817,1,26,351,1,35,426,0,9,90,0,2,12,1,3,12,1,7338
instances_converted/rome_real/00006_GDT-testsuite-CD.tgz_ALF_CD_graphswith70nodes_ug59.70_n70_m78.json,1,500,10000,26,351,1,41,817,1,26,351,1,35,426,0,9,90,0,2,14,1,2,10,1,14151
instances_converted/rome_real/00006_GDT-testsuite-CD.tgz_ALF_CD_graphswith70nodes_ug59.70_n70_m78.json,2,500,1000,26,351,1,37,653,1,26,351,1,35,426,0,9,90,0,26,351,1,3,12,1,1752
instances_converted/rome_real/00006_GDT-testsuite-CD.tgz_ALF_CD_graphswith70nodes_ug59.70_n70_m78.json,2,500,5000,26,351,1,37,653,1,26,351,1,35,426,0,9,90,0,2,11,1,2,10,1,7356
instances_converted/rome_real/00006_GDT-testsuite-CD.tgz_ALF_CD_graphswith70nodes_ug59.70_n70_m78.json,2,500,10000,26,351,1,37,653,1,26,351,1,35,426,0,9,90,0,26,351,1,2,9,1,14075
instances_converted/rome_real/00006_GDT-testsuite-CD.tgz_ALF_CD_graphswith70nodes_ug59.70_n70_m78.json,3,500,1000,26,351,1,39,734,1,26,351,1,35,426,0,9,90,0,3,18,1,26,351,1,1732
instances_converted/rome_real/00006_GDT-testsuite-CD.tgz_ALF_CD_graphswith70nodes_ug59.70_n70_m78.json,3,500,5000,26,351,1,39,734,1,26,351,1,35,426,0,9,90,0,2,7,1,2,7,1,7216
instances_converted/rome_real/00006_GDT-testsuite-CD.tgz_ALF_CD_graphswith70nodes_ug59.70_n70_m78.json,3,500,10000,26,351,1,39,734,1,26,351,1,35,426,0,9,90,0,2,8,1,2,10,1,13932
instances_converted/rome_real/00006_GDT-testsuite-CD.tgz_ALF_CD_graphswith70nodes_ug59.70_n70_m78.json,4,500,1000,26,351,1,38,639,1,26,351,1,35,426,0,9,90,0,2,8,1,2,11,1,1830
instances_converted/rome_real/00006_GDT-testsuite-CD.tgz_ALF_CD_graphswith70nodes_ug59.70_n70_m78.json,4,500,5000,26,351,1,38,639,1,26,351,1,35,426,0,9,90,0,2,11,1,2,14,1,7262
instances_converted/rome_real/00006_GDT-testsuite-CD.tgz_ALF_CD_graphswith70nodes_ug59.70_n70_m78.json,4,500,10000,26,351,1,38,639,1,26,351,1,35,426,0,9,90,0,2,10,1,2,8,1,14361
instances_converted/rome_real/00006_GDT-testsuite-CD.tgz_ALF_CD_graphswith70nodes_ug59.70_n70_m78.json,5,500,1000,26,351,1,41,729,1,26,351,1,35,426,0,9,90,0,26,351,1,4,21,1,1850
instances_converted/rome_real/00006_GDT-testsuite-CD.tgz_ALF_CD_graphswith70nodes_ug59.70_n70_m78.json,5,500,5000,26,351,1,41,729,1,26,351,1,35,426,0,9,90,0,2,8,1,3,16,1,7191
instances_converted/rome_real/00006_GDT-testsuite-CD.tgz_ALF_CD_graphswith70nodes_ug59.70_n70_m78.json,5,500,10000,26,351,1,41,729,1,26,351,1,35,426,0,9,90,0,2,10,1,3,14,1,14145
instances_converted/rome_real/00007_GDT-testsuite-BDPB.tgz_RND_BDPB_graphswith80nodes_ug12.80_n80_m92.json,1,500,1000,47,1106,1,50,955,1,47,1106,1,47,803,0,9,142,0,3,25,1,4,37,1,2326
instances_converted/rome_real/00007_GDT-testsuite-BDPB.tgz_RND_BDPB_graphswith80nodes_ug12.80_n80_m92.json,1,500,5000,47,1106,1,50,955,1,47,1106,1,47,803,0,9,142,0,3,24,1,3,25,1,10065
instances_converted/rome_real/00007_GDT-testsuite-BDPB.tgz_RND_BDPB_graphswith80nodes_ug12.80_n80_m92.json,1,500,10000,47,1106,1,50,955,1,47,1106,1,47,803,0,9,142,0,3,23,1,4,33,1,19672
instances_converted/rome_real/00007_GDT-testsuite-BDPB.tgz_RND_BDPB_graphswith80nodes_ug12.80_n80_m92.json,2,500,1000,47,1106,1,50,1003,1,47,1106,1,47,803,0,9,142,0,3,24,1,3,28,1,2481
instances_converted/rome_real/00007_GDT-testsuite-BDPB.tgz_RND_BDPB_graphswith80nodes_ug12.80_n80_m92.json,2,500,5000,47,1106,1,50,1003,1,47,1106,1,47,803,0,9,142,0,3,24,1,3,26,1,10061
instances_converted/rome_real/00007_GDT-testsuite-BDPB.tgz_RND_BDPB_graphswith80nodes_ug12.80_n80_m92.json,2,500,10000,47,1106,1,50,1003,1,47,1106,1,47,803,0,9,142,0,3,23,1,3,24,1,19914
instances_converted/rome_real/00007_GDT-testsuite-BDPB.tgz_RND_BDPB_graphswith80nodes_ug12.80_n80_m92.json,3,500,1000,47,1106,1,47,878,1,47,1106,1,47,803,0,9,142,0,4,29,1,3,32,1,2351
instances_converted/rome_real/00007_GDT-testsuite-BDPB.tgz_RND_BDPB_graphswith80nodes_ug12.80_n80_m92.json,3,500,5000,47,1106,1,47,878,1,47,1106,1,47,803,0,9,142,0,3,26,1,3,24,1,9928
instances_converted/rome_real/00007_GDT-testsuite-BDPB.tgz_RND_BDPB_graphswith80nodes_ug12.80_n80_m92.json,3,500,10000,47,1106,1,47,878,1,47,1106,1,47,803,0,9,142,0,3,23,1,3,23,1,19641
instances_converted/rome_real/00007_GDT-testsuite-BDPB.tgz_RND_BDPB_graphswith80nodes_ug12.80_n80_m92.json,4,500,1000,47,1106,1,47,1122,1,47,1106,1,47,803,0,9,142,0,47,1106,1,3,30,1,2393
instances_converted/rome_real/00007_GDT-testsuite-BDPB.tgz_RND_BDPB_graphswith80nodes_ug12.80_n80_m92.json,4,500,5000,47,1106,1,47,1122,1,47,1106,1,47,803,0,9,142,0,3,21,1,3,30,1,10170
instances_converted/rome_real/00007_GDT-testsuite-BDPB.tgz_RND_BDPB_graphswith80nodes_ug12.80_n80_m92.json,4,500,10000,47,1106,1,47,1122,1,47,1106,1,47,803,0,9,142,0,3,27,1,3,24,1,19685
instances_converted/rome_real/00007_GDT-testsuite-BDPB.tgz_RND_BDPB_graphswith80nodes_ug12.80_n80_m92.json,5,500,1000,47,1106,1,53,1141,1,47,1106,1,47,803,0,9,142,0,3,28,1,3,24,1,2379
instances_converted/rome_real/00007_GDT-testsuite-BDPB.tgz_RND_BDPB_graphswith80nodes_ug12.80_n80_m92.json,5,500,5000,47,1106,1,53,1141,1,47,1106,1,47,803,0,9,142,0,3,26,1,3,22,1,10030
instances_converted/rome_real/00007_GDT-testsuite-BDPB.tgz_RND_BDPB_graphswith80nodes_ug12.80_n80_m92.json,5,500,10000,47,1106,1,53,1141,1,47,1106,1,47,803,0,9,142,0,3,24,1,3,25,1,19654
instances_converted/rome_real/00008_GDT-testsuite-BDPB.tgz_RND_BDPB_graphswith90nodes_ug14.90_n90_m101.json,1,500,1000,50,1496,1,50,1185,1,50,1496,1,46,992,0,14,224,0,3,35,1,5,40,1,2872
instances_converted/rome_real/00008_GDT-testsuite-BDPB.tgz_RND_BDPB_graphswith90nodes_ug14.90_n90_m101.json,1,500,5000,50,1496,1,50,1185,1,50,1496,1,46,992,0,14,224,0,3,30,1,3,32,1,12065
instances_converted/rome_real/00008_GDT-testsuite-BDPB.tgz_RND_BDPB_graphswith90nodes_ug14.90_n90_m101.json,1,500,10000,50,1496,1,50,1185,1,50,1496,1,46,992,0,14,224,0,3,34,1,3,35,1,23365
instances_converted/rome_real/00008_GDT-testsuite-BDPB.tgz_RND_BDPB_graphswith90nodes_ug14.90_n90_m101.json,2,500,1000,50,1496,1,52,1251,1,50,1496,1,46,992,0,14,224,0,3,38,1,3,34,1,2858
instances_converted/rome_real/00008_GDT-testsuite-BDPB.tgz_RND_BDPB_graphswith90nodes_ug14.90_n90_m101.json,2,500,5000,50,1496,1,52,1251,1,50,1496,1,46,992,0,14,224,0,3,40,1,4,24,1,12220
instances_converted/rome_real/00008_GDT-testsuite-BDPB.tgz_RND_BDPB_graphswith90nodes_ug14.90_n90_m101.json,2,500,10000,50,1496,1,52,1251,1,50,1496,1,46,992,0,14,224,0,2,24,1,4,28,1,23459
instances_converted/rome_real/00008_GDT-testsuite-BDPB.tgz_RND_BDPB_graphswith90nodes_ug14.90_n90_m101.json,3,500,1000,50,1496,1,56,1130,1,50,1496,1,46,992,0,14,224,0,50,1496,1,4,35,1,2822
instances_converted/rome_real/00008_GDT-testsuite-BDPB.tgz_RND_BDPB_graphswith90nodes_ug14.90_n90_m101.json,3,500,5000,50,1496,1,56,1130,1,50,1496,1,46,992,0,14,224,0,3,37,1,4,29,1,12003
instances_converted/rome_real/00008_GDT-testsuite-BDPB.tgz_RND_BDPB_graphswith90nodes_ug14.90_n90_m101.json,3,500,10000,50,1496,1,56,1130,1,50,1496,1,46,992,0,14,224,0,2,27,1,4,37,1,23807
instances_converted/rome_real/00008_GDT-testsuite-BDPB.tgz_RND_BDPB_graphswith90nodes_ug14.90_n90_m101.json,4,500,1000,50,1496,1,47,1099,1,50,1496,1,46,992,0,14,224,0,4,42,1,4,48,1,2806
instances_converted/rome_real/00008_GDT-testsuite-BDPB.tgz_RND_BDPB_graphswith90nodes_ug14.90_n90_m101.json,4,500,5000,50,1496,1,47,1099,1,50,1496,1,46,992,0,14,224,0,3,34,1,3,28,1,12159
instances_converted/rome_real/00008_GDT-testsuite-BDPB.tgz_RND_BDPB_graphswith90nodes_ug14.90_n90_m101.json,4,500,10000,50,1496,1,47,1099,1,50,1496,1,46,992,0,14,224,0,2,26,1,3,32,1,23556
instances_converted/rome_real/00008_GDT-testsuite-BDPB.tgz_RND_BDPB_graphswith90nodes_ug14.90_n90_m101.json,5,500,1000,50,1496,1,49,1075,1,50,1496,1,46,992,0,14,224,0,49,1075,1,3,43,1,2804
instances_converted/rome_real/00008_GDT-testsuite-BDPB.tgz_RND_BDPB_graphswith90nodes_ug14.90_n90_m101.json,5,500,5000,50,1496,1,49,1075,1,50,1496,1,46,992,0,14,224,0,2,29,1,3,28,1,11898
instances_converted/rome_real/00008_GDT-testsuite-BDPB.tgz_RND_BDPB_graphswith90nodes_ug14.90_n90_m101.json,5,500,10000,50,1496,1,49,1075,1,50,1496,1,46,992,0,14,224,0,3,33,1,3,23,1,23535
instances_converted/rome_real/00009_GDT-testsuite-BDPB.tgz_RND_BDPB_graphswith100nodes_ug11.100_n100_m112.json,1,500,1000,63,2083,1,52,1285,1,63,2083,1,59,1442,0,15,305,0,4,62,1,6,66,1,3573
instances_converted/rome_real/00009_GDT-testsuite-BDPB.tgz_RND_BDPB_graphswith100nodes_ug11.100_n100_m112.json,1,500,5000,63,2083,1,52,1285,1,63,2083,1,59,1442,0,15,305,0,4,46,1,5,54,1,14774
instances_converted/rome_real/00009_GDT-testsuite-BDPB.tgz_RND_BDPB_graphswith100nodes_ug11.100_n100_m112.json,1,500,10000,63,2083,1,52,1285,1,63,2083,1,59,1442,0,15,305,0,4,46,1,6,54,1,29671
instances_converted/rome_real/00009_GDT-testsuite-BDPB.tgz_RND_BDPB_graphswith100nodes_ug11.100_n100_m112.json,2,500,1000,63,2083,1,60,1260,1,63,2083,1,59,1442,0,15,305,0,5,52,1,6,60,1,3610
instances_converted/rome_real/00009_GDT-testsuite-BDPB.tgz_RND_BDPB_graphswith100nodes_ug11.100_n100_m112.json,2,500,5000,63,2083,1,60,1260,1,63,2083,1,59,1442,0,15,305,0,60,1260,1,4,50,1,15565
instances_converted/rome_real/00009_GDT-testsuite-BDPB.tgz_RND_BDPB_graphswith100nodes_ug11.100_n100_m112.json,2,500,10000,63,2083,1,60,1260,1,63,2083,1,59,1442,0,15,305,0,4,50,1,4,52,1,29702
instances_converted/rome_real/00009_GDT-testsuite-BDPB.tgz_RND_BDPB_graphswith100nodes_ug11.100_n100_m112.json,3,500,1000,63,2083,1,57,1476,1,63,2083,1,59,1442,0,15,305,0,5,66,1,7,84,1,3550
instances_converted/rome_real/00009_GDT-testsuite-BDPB.tgz_RND_BDPB_graphswith100nodes_ug11.100_n100_m112.json,3,500,5000,63,2083,1,57,1476,1,63,2083,1,59,1442,0,15,305,0,4,45,1,4,52,1,15192
instances_converted/rome_real/00009_GDT-testsuite-BDPB.tgz_RND_BDPB_graphswith100nodes_ug11.100_n100_m112.json,3,500,10000,63,2083,1,57,1476,1,63,2083,1,59,1442,0,15,305,0,3,43,1,4,51,1,29508
instances_converted/rome_real/00009_GDT-testsuite-BDPB.tgz_RND_BDPB_graphswith100nodes_ug11.100_n100_m112.json,4,500,1000,63,2083,1,60,1562,1,63,2083,1,59,1442,0,15,305,0,5,57,1,6,62,1,3555
instances_converted/rome_real/00009_GDT-testsuite-BDPB.tgz_RND_BDPB_graphswith100nodes_ug11.100_n100_m112.json,4,500,5000,63,2083,1,60,1562,1,63,2083,1,59,1442,0,15,305,0,5,54,1,5,58,1,15313
instances_converted/rome_real/00009_GDT-testsuite-BDPB.tgz_RND_BDPB_graphswith100nodes_ug11.100_n100_m112.json,4,500,10000,63,2083,1,60,1562,1,63,2083,1,59,1442,0,15,305,0,5,47,1,4,57,1,29218
instances_converted/rome_real/00009_GDT-testsuite-BDPB.tgz_RND_BDPB_graphswith100nodes_ug11.100_n100_m112.json,5,500,1000,63,2083,1,57,1422,1,63,2083,1,59,1442,0,15,305,0,57,1422,1,5,74,1,3410
instances_converted/rome_real/00009_GDT-testsuite-BDPB.tgz_RND_BDPB_graphswith100nodes_ug11.100_n100_m112.json,5,500,5000,63,2083,1,57,1422,1,63,2083,1,59,1442,0,15,305,0,3,45,1,6,53,1,14811
instances_converted/rome_real/00009_GDT-testsuite-BDPB.tgz_RND_BDPB_graphswith100nodes_ug11.100_n100_m112.json,5,500,10000,63,2083,1,57,1422,1,63,2083,1,59,1442,0,15,305,0,3,45,1,4,53,1,29368
